Fecha;"PM2,5
μg/m3";"Xileno
μg/m3";"SO 2
μg/m3";"CO
mg/m3";"NO
μg/m3";N02;"PM10
μg/m3";"NO x
μg/m3";"Ozono
μg/m3";"Tolueno
μg/m3";"Benceno
μg/m3";"Ruido
dBA"
01-01-19;15;2,3;5;0,4;30;44;25;91;17;3,8;1,5;59
02-01-19;17;4,3;6;0,3;55;58;33;142;8;6,9;1,9;60
03-01-19;18;4,9;6;0,3;53;59;34;140;7;10,5;1,9;61
04-01-19;21;4;5;0,3;41;53;35;115;10;10,3;1,7;69
05-01-19;21;2,2;5;0,1;28;39;42;81;19;5,1;1,3;
06-01-19;19;2,3;5;0,2;37;47;40;103;17;3,9;1,7;
07-01-19;18;5,6;9;0,3;82;67;40;193;12;9,7;2,6;
08-01-19;23;7;6;;58;60;39;148;12;11,7;1,9;62
09-01-19;16;4;4;;37;41;38;98;27;9,1;1,2;59
10-01-19;7;3,5;6;0,3;28;46;23;88;39;5,1;0,9;57
11-01-19;16;8,1;11;0,3;69;66;45;172;26;4,6;1,9;57
12-01-19;16;;5;0,5;37;59;35;115;22;;;58
13-01-19;13;;5;;28;46;32;88;23;;;58
14-01-19;12;;7;0,2;59;59;34;150;15;;;59
15-01-19;19;;8;0,2;77;61;37;179;14;;;60
16-01-19;32;;7;;76;64;49;180;12;;;61
17-01-19;40;;8;;85;62;70;193;11;;;
18-01-19;16;;4;;43;56;35;121;18;;;61
19-01-19;14;;4;0,2;16;36;30;60;32;;;59
20-01-19;13;;5;0,1;18;36;21;63;24;;;59
21-01-19;6;;5;0,1;35;44;19;98;33;;;58
22-01-19;9;;4;0,1;9;24;25;37;46;;;57
23-01-19;5;;4;0,1;7;19;34;29;55;;;60
24-01-19;3;;4;0,1;6;16;19;26;66;;;60
25-01-19;2;;4;0,1;11;25;11;42;52;;;60
26-01-19;9;;6;0,1;26;40;22;79;32;;;59
27-01-19;6;;4;0,1;6;20;25;28;53;;;57
28-01-19;6;;5;0,2;12;28;40;46;49;;;58
29-01-19;8;;5;0,1;14;24;34;45;50;;;59
30-01-19;5;;5;0,1;17;25;23;50;54;;;58
31-01-19;5;;4;0,1;7;13;35;23;59;;;62
01-02-19;7;;4;0,1;6;11;49;21;73;;;63
02-02-19;4;;4;0,2;4;9;24;16;78;;;63
03-02-19;4;;5;0,3;4;8;32;13;77;;;62
04-02-19;8;;7;0,2;24;47;23;83;40;;;57
05-02-19;16;0,9;6;0,1;40;56;36;117;21;5,2;;58
06-02-19;20;2,5;5;0,1;41;56;38;119;18;8,6;;59
07-02-19;19;3,6;5;0,1;40;51;35;112;19;9,3;4,4;61
08-02-19;;1,7;5;0,2;35;54;;108;22;8,5;3,4;62
09-02-19;;1,2;5;0,2;24;45;;82;28;5,4;1,7;62
10-02-19;9;0,4;4;0,1;5;14;26;21;52;1,4;0,6;61
11-02-19;11;1,4;7;0,1;42;48;24;112;34;7,7;2,4;60
12-02-19;12;1,2;4;0,2;36;54;26;109;27;6,6;2;60
13-02-19;16;3,3;6;0,2;44;55;34;123;27;12,7;3,8;60
14-02-19;13;0,8;4;0,1;25;53;27;91;34;7;3,5;60
15-02-19;;0,6;4;0,1;23;54;;89;32;5,9;2,8;61
16-02-19;;0,5;4;0,1;14;41;;63;44;5,1;1,6;
17-02-19;;0,2;4;0,1;7;25;;35;58;2,4;0,9;
18-02-19;18;0,4;6;;26;46;29;86;50;4,9;1,9;
19-02-19;25;0,6;5;;22;49;39;83;43;6,7;2,3;
20-02-19;26;0,6;5;;22;51;39;85;43;5,9;2,3;
21-02-19;35;2,1;5;;37;64;52;121;27;9,3;2,9;
22-02-19;37;3,4;6;0,5;52;68;74;147;23;11,4;3;62
23-02-19;30;1,4;4;0,3;17;45;56;72;38;6,2;1,9;59
24-02-19;28;0,5;4;0,2;8;37;41;50;53;4;1,4;60
25-02-19;26;2,2;6;0,2;28;53;42;96;34;6,7;2,5;61
26-02-19;22;1,4;6;0,3;32;60;41;109;32;7,3;4,2;58
27-02-19;24;2,5;6;0,4;55;76;59;160;25;12,3;3,4;59
28-02-19;22;2,3;6;0,4;39;64;45;124;32;10,2;2,7;57
01-03-19;25;2,3;7;0,2;30;57;35;103;41;7;2,2;59
02-03-19;28;0,8;5;0,2;17;49;39;75;41;5,6;1,8;60
03-03-19;16;0,5;5;0,2;21;42;28;74;43;5,2;1,8;58
04-03-19;;0,2;4;0,1;10;21;;36;59;2,5;1;58
05-03-19;18;0,6;5;0,1;15;33;30;56;53;3,6;1,3;60
06-03-19;25;1,1;5;0,1;19;36;44;65;39;5,8;2,3;61
07-03-19;4;0,3;5;0,4;12;26;12;45;60;2,5;0,9;61
08-03-19;11;0,4;7;0,5;26;52;23;91;40;5,4;1,8;59
09-03-19;18;0,4;6;0,5;14;44;31;65;50;4,5;1,5;60
10-03-19;17;0,4;4;0,3;13;41;31;60;43;4,8;1,6;59
11-03-19;14;2,4;5;0,2;31;51;29;98;33;6,6;2,9;60
12-03-19;16;1,5;5;0,2;20;45;34;75;38;6,6;2,4;60
13-03-19;15;1;6;0,3;23;43;32;78;43;5,4;2,4;60
14-03-19;11;1;7;0,5;18;42;29;69;51;4,1;1,9;60
15-03-19;24;1,4;7;0,4;34;56;51;108;35;9,1;3,8;61
16-03-19;37;1,5;8;0,2;19;44;58;73;48;5,3;1,8;63
17-03-19;26;2,5;5;0,2;16;31;67;55;64;5,3;1,7;64
18-03-19;13;0,3;7;0,3;10;28;34;43;65;2;0,8;62
19-03-19;16;0,2;6;0,3;7;25;32;36;64;2,4;0,9;63
20-03-19;12;0,3;5;0,3;16;31;21;55;59;2,5;1;61
21-03-19;13;0,3;5;0,3;21;38;25;71;62;2,6;1,2;59
22-03-19;15;0,3;5;0,4;12;41;29;60;75;3,8;1,5;59
23-03-19;22;0,3;6;0,3;10;46;34;61;61;3,6;1,3;58
24-03-19;20;0,4;4;0,3;12;35;33;53;58;4;1,2;58
25-03-19;19;0,4;6;0,3;26;54;39;94;45;5,8;2,8;57
26-03-19;16;1,9;4;0,3;16;40;31;64;58;4,5;2,9;58
27-03-19;13;0,3;5;0,3;16;45;30;69;58;4,1;2,1;58
28-03-19;13;0,5;6;0,3;21;45;28;77;60;5,6;1,7;58
29-03-19;14;0,8;5;0,2;16;41;25;66;72;3,9;2,7;59
30-03-19;14;0,2;4;0,2;6;24;22;34;82;2,1;0,9;59
31-03-19;12;0,2;4;0,1;2;12;14;16;85;0,7;0,4;64
01-04-19;15;0,3;4;0,1;10;33;21;47;73;3,4;1,1;62
02-04-19;22;1,4;5;0,2;29;50;30;94;22;6,4;3,4;62
03-04-19;11;1,1;5;0,2;19;26;17;56;59;3,9;1,4;62
04-04-19;6;0,4;5;0,3;12;30;12;49;63;2,5;1;60
05-04-19;10;1,5;5;0,2;23;37;16;71;49;4,8;1,4;62
06-04-19;1;0,2;4;0,3;4;11;3;17;81;0,7;0,4;62
07-04-19;1;0,2;4;0,4;3;9;2;13;86;0,8;0,5;58
08-04-19;2;0,2;5;0,2;9;18;6;32;64;1,4;0,7;58
09-04-19;3;0,2;4;0,3;6;16;9;25;75;1,2;0,9;59
10-04-19;2;0,3;4;0,3;9;26;7;39;64;2,3;1,1;58
11-04-19;7;0,4;5;0,2;13;36;16;56;61;3,4;1,6;58
12-04-19;10;0,4;5;0,3;15;41;19;64;66;3,4;1,3;59
13-04-19;16;0,3;5;0,3;10;42;24;57;64;3,9;1,5;58
14-04-19;10;0,3;4;0,3;6;22;22;30;82;2,8;0,9;57
15-04-19;16;0,2;4;0,1;5;15;24;22;96;2;0,8;60
16-04-19;18;0,2;5;0,1;9;27;28;40;78;3,4;2,8;59
17-04-19;15;0,2;5;0,1;9;23;22;36;84;2;1;59
18-04-19;14;0,2;4;0,1;3;12;17;16;84;1,5;0,6;65
19-04-19;13;0,2;4;0,1;2;9;15;12;91;1;0,5;67
20-04-19;17;0,2;4;0,3;2;6;25;8;110;0,4;0,4;66
21-04-19;14;0,2;5;0,2;1;5;20;7;104;0,3;0,3;63
22-04-19;20;0,2;5;0,2;7;31;29;42;49;2,3;1,1;60
23-04-19;14;1,1;5;0,2;18;30;22;58;49;4,6;4,3;61
24-04-19;3;0,2;5;0,2;10;20;8;34;73;1,7;0,9;60
25-04-19;4;0,3;4;0,3;6;15;10;25;67;1,6;0,8;60
26-04-19;5;0,3;6;0,3;13;29;12;49;55;2,5;1,1;59
27-04-19;9;0,3;4;0,2;8;25;15;37;61;1,9;1;59
28-04-19;8;0,3;4;0,2;6;17;12;26;65;2;1;59
29-04-19;12;0,3;4;0,1;6;19;17;28;64;1,6;0,9;59
30-04-19;13;0,7;5;0,1;17;27;21;53;51;3,8;3,1;60
01-05-19;13;0,2;4;0,1;5;16;18;23;63;1,6;2,2;59
02-05-19;12;0,2;5;0,2;14;35;17;56;52;3,4;1,5;61
03-05-19;13;0,9;5;0,2;14;31;20;52;45;4,6;2;62
04-05-19;8;0,4;4;0,3;7;23;13;34;55;2,3;1;61
05-05-19;7;0,2;4;0,3;6;19;12;28;70;1,7;0,9;59
06-05-19;10;0,5;5;0,1;16;26;19;50;57;3,7;2,3;60
07-05-19;24;0,8;5;0,1;16;27;34;51;59;5,3;2,4;60
08-05-19;12;0,3;4;0,1;8;13;30;26;48;2,3;0,8;60
09-05-19;3;0,3;4;0,2;8;16;10;29;52;2,6;0,9;59
10-05-19;4;0,4;4;0,2;11;21;15;38;39;3,1;1;60
11-05-19;9;0,3;4;0,1;5;16;15;24;71;2,6;1;60
12-05-19;8;0,3;5;0,2;7;27;15;37;50;2,4;1,1;59
13-05-19;11;0,3;4;0,2;9;21;20;34;69;3,4;1,3;59
14-05-19;11;0,4;5;0,2;10;27;24;42;69;4,2;2,2;59
15-05-19;14;0,7;5;0,1;9;26;27;39;71;6;1,9;58
16-05-19;11;0,3;5;0,2;9;25;22;39;82;2,6;1,2;59
17-05-19;5;0,2;4;;5;14;22;22;73;1,5;1;60
18-05-19;5;0,3;6;0,3;8;27;11;39;59;2,6;1,1;57
19-05-19;5;0,3;4;0,3;4;19;10;26;58;2,1;0,9;56
20-05-19;5;0,3;4;0,3;10;24;11;40;64;3,2;2,4;58
21-05-19;9;0,6;5;0,1;10;29;16;45;54;3,6;3,1;59
22-05-19;11;0,8;5;0,1;17;27;16;53;53;4,9;2,3;60
23-05-19;13;0,5;6;0,1;16;30;22;55;60;4,1;1,9;60
24-05-19;13;0,3;4;0,1;6;28;16;36;63;2,7;1,1;63
25-05-19;8;0,3;4;0,2;8;23;11;35;53;2,8;1,1;60
26-05-19;6;0,5;5;0,2;7;22;10;33;44;2,9;1,1;59
27-05-19;12;1,1;5;0,2;18;31;19;58;51;4,7;1,4;58
28-05-19;12;0,6;6;0,1;15;38;21;61;38;5,3;1,9;59
29-05-19;4;0,3;5;0,4;13;27;11;46;51;3;1,2;57
30-05-19;9;0,8;6;0,3;16;34;20;59;41;4,9;1,6;58
31-05-19;10;1,2;7;0,2;22;39;22;72;43;5,2;1,8;58
01-06-19;7;0,6;6;0,2;9;26;12;40;56;3;1,1;58
02-06-19;4;0,3;6;0,2;6;19;9;27;69;2,3;1;56
03-06-19;8;0,8;5;0,1;12;26;16;45;68;3,9;1,7;57
04-06-19;13;0,7;4;0,1;11;24;19;41;64;3,6;1,6;59
05-06-19;13;0,4;4;0,2;8;20;38;31;64;3;1,1;60
06-06-19;8;0,5;5;0,1;12;26;17;44;56;4;1,8;58
07-06-19;8;0,5;4;0,2;8;19;21;31;66;2,6;1,2;60
08-06-19;9;0,2;5;0,1;3;9;24;14;71;1,6;0,7;58
09-06-19;8;0,3;5;0,2;5;18;17;25;64;2,1;0,9;56
10-06-19;8;0,6;6;0,2;10;26;17;40;65;3,2;1,4;57
11-06-19;7;0,2;5;0,2;6;18;18;27;62;2,5;1,3;57
12-06-19;4;0,4;5;0,2;13;24;10;43;55;3,5;1,4;58
13-06-19;6;0,4;5;0,1;6;16;13;24;67;3;3,1;57
14-06-19;12;2,2;5;0,2;11;35;25;51;55;5;1;58
15-06-19;7;1,1;4;0,3;5;15;20;22;78;1,9;0,3;57
16-06-19;13;1;4;0,1;4;17;19;23;65;2;0,3;57
17-06-19;13;2,4;5;0,1;13;24;23;43;56;4,2;0,5;59
18-06-19;11;2,2;6;0,1;16;27;18;51;55;3,6;0,5;59
19-06-19;12;2,8;5;0,1;13;28;20;48;60;4,8;0,6;59
20-06-19;17;1,7;4;0,1;9;17;24;30;64;3,9;0,5;59
21-06-19;11;1,9;5;0,1;9;21;17;36;63;3,2;0,6;58
22-06-19;11;1,6;4;0,1;7;22;15;33;57;2,7;0,4;59
23-06-19;11;1,1;4;0,1;5;15;16;22;60;2,1;0,3;58
24-06-19;9;1;4;0,1;3;10;16;15;67;1,9;0,3;57
25-06-19;16;2,6;4;0,1;10;20;26;36;51;4,8;0,7;58
26-06-19;;1,3;4;0,1;5;13;;21;69;3,6;0,4;59
27-06-19;;2,9;5;0,1;12;42;;60;54;6,2;0,9;58
28-06-19;;4,5;4;0,1;17;53;;78;43;6,2;1,1;58
29-06-19;;2,7;5;0,2;7;36;;47;57;4,4;0,8;57
30-06-19;;2,3;5;0,2;5;32;;40;57;3,6;0,4;55
01-07-19;;2,3;4;0,1;6;19;;28;60;4,6;0,5;58
02-07-19;;1,6;4;0,1;7;20;;30;64;3,2;0,4;57
03-07-19;;3,5;6;0,1;14;40;;62;51;5,3;1,3;57
04-07-19;;3,1;5;0,1;13;36;;55;52;6,2;1,1;57
05-07-19;;2,8;4;0,1;15;35;;57;45;4,6;0,6;59
06-07-19;;2,1;4;0,1;7;23;;33;44;3,1;0,5;58
07-07-19;;1,9;4;0,1;5;21;;28;44;3,3;0,4;57
08-07-19;;2,6;4;0,1;12;25;;43;40;4,3;0,6;58
09-07-19;;2;5;0,1;8;26;;39;56;4,1;0,6;59
10-07-19;;2,5;4;0,1;13;30;;50;55;7,9;0,6;59
11-07-19;;2,3;4;0,1;10;28;;43;57;3,8;0,5;59
12-07-19;;3,8;4;0,1;15;32;;54;58;5,6;0,6;58
13-07-19;;1,8;4;0,1;4;14;;20;68;2,5;0,3;57
14-07-19;;1,1;4;0,1;4;13;;20;61;2,1;0,3;56
15-07-19;;2,7;4;0,1;12;29;;47;51;4,4;0,7;57
16-07-19;;1,8;4;0,1;10;21;;36;60;4;0,5;58
17-07-19;;2,2;4;0,1;10;23;;38;65;4,9;0,5;58
18-07-19;;2,3;4;0,1;11;27;;43;58;4,3;0,6;57
19-07-19;;2;4;0,1;9;22;;35;57;3,8;0,7;57
20-07-19;13;1,5;4;0,1;5;15;22;23;63;2,3;0,5;57
21-07-19;13;0,8;4;0,1;4;7;21;13;60;1,7;0,3;56
22-07-19;14;2;4;0,1;13;35;26;55;43;4,9;0,7;57
23-07-19;14;3,7;5;0,2;14;42;30;63;38;8,6;1,1;57
24-07-19;16;4,1;6;0,2;19;44;34;72;41;8,5;1,5;56
25-07-19;15;4,7;4;0,1;12;31;28;49;54;5,4;1,1;57
26-07-19;17;3,9;4;0,1;12;28;32;46;46;5,1;0,9;57
27-07-19;17;1,5;4;;4;12;51;19;51;2,4;0,4;58
28-07-19;3;0,7;4;;5;8;9;15;51;1,5;0,3;56
29-07-19;10;2,1;5;0,1;12;25;24;43;43;3,4;0,5;58
30-07-19;10;3;4;0,1;7;13;20;23;49;0,9;1;58
31-07-19;11;1,7;4;0,1;6;12;22;21;51;1,4;0,5;58
01-08-19;12;;4;0,1;8;20;22;33;51;;;57
02-08-19;11;;4;0,1;7;23;21;34;62;;;57
03-08-19;12;;4;0,1;6;18;20;27;64;;;56
04-08-19;11;;4;0,1;3;10;21;15;64;;;55
05-08-19;16;;5;0,1;9;21;33;33;53;;;57
06-08-19;23;;5;0,1;7;16;39;27;52;;;57
07-08-19;32;;;0,1;8;23;50;35;42;;;57
08-08-19;21;;;0,1;11;24;38;42;42;;;58
09-08-19;12;;6;0,2;15;35;45;58;32;;;57
10-08-19;15;1,5;4;0,1;4;11;27;18;43;2,9;0,4;56
11-08-19;15;0,7;4;0,1;4;8;22;14;40;1,5;0,3;56
12-08-19;11;1,5;4;0,1;7;14;24;25;43;2,9;0,5;56
13-08-19;8;2,4;4;0,1;6;16;21;25;46;4,2;0,8;56
14-08-19;13;1,8;4;0,1;7;16;23;26;48;2,9;0,5;57
15-08-19;13;2;4;0,1;4;8;21;14;50;2,5;0,7;55
16-08-19;12;1,1;5;0,1;5;9;18;17;49;1,9;0,4;56
17-08-19;12;1;4;0,1;4;8;17;14;42;1,7;0,4;56
18-08-19;13;0,7;4;0,1;4;5;18;11;40;1,5;0,3;56
19-08-19;14;2,8;4;0,1;4;7;21;13;42;3,7;0,4;57
20-08-19;12;1,2;4;0,1;3;6;28;10;56;1,7;0,4;57
21-08-19;8;1,3;4;0,1;8;18;16;30;57;2,4;0,5;57
22-08-19;8;1,6;4;0,1;9;22;14;35;57;2,6;1;57
23-08-19;10;2;4;0,1;8;25;20;38;65;3,5;0,8;57
24-08-19;13;1,5;4;0,1;6;21;19;30;64;2,6;0,7;55
25-08-19;16;1,1;4;0,1;5;13;20;20;65;1,9;0,4;56
26-08-19;18;6,4;5;0,1;7;16;25;26;75;11,4;0,9;56
27-08-19;10;2,7;4;0,1;7;19;15;30;62;3,5;0,8;60
28-08-19;11;2,4;4;0,1;12;29;18;48;51;4,1;1;58
29-08-19;14;3;5;0,1;15;31;23;54;53;4,7;1,3;58
30-08-19;15;3;5;0,1;12;32;25;50;52;4,6;1,2;57
31-08-19;14;2,5;5;0,1;9;30;23;44;56;3,7;1,2;57
01-09-19;14;1,5;4;0,1;4;15;22;21;84;3;0,4;55
02-09-19;9;1,8;4;0,1;9;24;15;37;70;3,5;0,5;59
03-09-19;9;2,1;4;0,1;9;19;16;33;61;6,1;0,7;57
04-09-19;10;2,8;4;0,1;14;23;17;44;54;6,2;0,9;58
05-09-19;8;2,3;4;0,1;11;23;18;40;58;3,9;0,7;58
06-09-19;7;2,1;4;0,2;10;19;15;35;54;4,5;0,6;57
07-09-19;9;1,2;4;0,1;6;14;17;22;68;2,1;0,4;58
08-09-19;10;1,5;4;0,1;5;13;17;22;62;2,6;0,4;58
09-09-19;11;2,7;5;0,1;12;25;23;43;58;4,2;0,9;58
10-09-19;6;2,1;4;0,3;7;14;23;25;53;3,8;0,5;57
11-09-19;6;1,3;4;0,1;6;14;10;22;67;2,8;0,4;62
12-09-19;11;1,4;4;0,1;4;13;21;19;92;3,4;0,4;61
13-09-19;12;1,1;4;0,1;3;10;19;14;94;2,1;0,4;63
14-09-19;13;1,2;4;0,1;4;11;20;17;87;2,1;0,5;61
15-09-19;19;0,6;4;0,1;2;3;26;6;104;1,2;0,3;60
16-09-19;22;2,2;5;0,1;8;22;31;34;69;4,1;0,7;59
17-09-19;26;4,5;7;0,1;21;38;41;70;35;6,3;1,6;60
18-09-19;14;4,1;5;0,1;18;35;28;62;46;5,8;1,8;59
19-09-19;22;4,3;5;0,1;18;30;35;57;53;6,5;1,8;59
20-09-19;20;2,7;5;0,1;9;23;32;37;74;5,1;0,9;60
21-09-19;15;1,7;4;0,1;6;18;24;28;75;2,8;0,6;59
22-09-19;8;1;4;0,1;4;7;13;12;51;1,9;0,3;58
23-09-19;7;3,3;6;0,2;15;27;18;49;44;5,6;1;57
24-09-19;8;3,7;5;0,2;19;25;21;54;50;7,2;1,3;58
25-09-19;8;3,7;6;0,2;14;23;19;45;50;5,6;0,8;57
26-09-19;14;2,7;4;0,1;11;21;23;38;54;4,5;1,3;60
27-09-19;18;5,8;5;0,1;14;26;29;48;48;10,6;2,2;60
28-09-19;16;5,7;4;0,1;8;18;23;30;55;9;2,3;59
29-09-19;18;5,1;4;0,1;6;18;27;27;50;8,1;2;59
30-09-19;24;9,5;6;0,2;14;21;37;43;60;14,9;5,3;59
01-10-19;28;11,1;7;0,1;18;29;45;55;47;16,3;5,5;59
02-10-19;8;7,5;5;0,3;15;28;24;51;42;11,2;3,7;57
03-10-19;7;8,3;7;0,3;16;29;24;53;44;12,3;3,5;58
04-10-19;11;9,6;5;0,2;20;35;32;66;48;14,3;4,7;59
05-10-19;10;6,6;4;0,1;9;25;22;38;52;10,6;3,7;59
06-10-19;12;4,8;4;0,1;6;17;19;25;61;7,5;1,9;58
07-10-19;18;9,4;5;0,2;21;33;36;64;28;13,9;4,4;58
08-10-19;13;10,6;5;0,1;21;32;29;64;39;13,6;5,1;59
09-10-19;13;7,6;4;0,1;10;20;22;35;55;12,4;3,1;58
10-10-19;6;4,6;4;0,1;5;11;13;19;61;13,5;1,5;58
11-10-19;12;7,1;6;0,1;18;26;18;52;44;14;3,3;59
12-10-19;7;4,9;4;0,1;5;14;11;22;56;8;1,7;59
13-10-19;9;4,3;4;0,1;6;15;13;24;60;7,8;1,7;59
14-10-19;10;7,1;5;0,1;10;22;17;37;51;13,4;2,3;59
15-10-19;2;3,8;5;0,5;10;16;7;31;52;7,6;1,4;57
16-10-19;5;6,4;8;0,5;17;28;14;53;41;14,5;2,9;57
17-10-19;6;6,2;5;0,3;10;26;16;41;54;13,9;2,6;57
18-10-19;8;8,1;4;0,1;13;24;17;43;38;11,1;2,6;58
19-10-19;8;4,5;4;0,1;6;20;16;30;54;7,1;2,1;58
20-10-19;4;3,1;4;0,2;5;11;7;18;51;6,6;1,3;58
21-10-19;6;7;7;0,3;16;25;10;49;38;18,4;2,7;57
22-10-19;3;5,1;5;0,2;12;22;4;40;37;8,8;1,7;63
23-10-19;2;3,4;4;0,3;9;12;4;26;50;9,1;1,4;60
24-10-19;4;8,4;7;0,4;20;23;8;54;36;10,8;3,5;58
25-10-19;12;12,5;8;0,3;33;48;19;99;27;16,3;4,9;59
26-10-19;12;9;4;0,2;24;42;17;79;27;14,2;4,6;60
27-10-19;15;5,6;4;0,2;11;33;17;50;33;9;2;60
28-10-19;23;14,9;6;0,2;42;50;33;113;17;21,1;4,5;61
29-10-19;31;20,3;6;0,2;57;58;42;146;15;35,2;9,7;61
30-10-19;25;16,4;6;0,2;47;58;35;130;15;23,3;6,9;60
31-10-19;7;12,7;5;0,2;36;48;15;103;18;18,1;3,9;59
01-11-19;5;5,8;4;0,1;13;20;10;39;26;8,6;2,2;59
02-11-19;4;1,3;4;0,2;5;6;13;13;46;2,3;0,5;60
03-11-19;2;0,8;4;0,4;3;5;15;9;66;1,9;0,5;62
04-11-19;2;2,7;5;0,3;7;10;10;21;56;4;0,8;61
05-11-19;2;2,7;5;0,4;7;16;8;27;51;5,5;1,1;60
06-11-19;4;9,1;8;0,5;26;30;20;71;30;15,1;4,7;57
07-11-19;3;3,4;5;0,3;10;17;11;32;41;6,8;1,5;58
08-11-19;2;2,7;5;0,4;9;17;10;30;46;4,7;1;59
09-11-19;2;1,1;5;0,4;6;9;7;18;52;2,5;0,7;59
10-11-19;1;1;4;0,4;4;8;5;14;58;2,3;0,6;58
11-11-19;2;3;7;0,3;11;20;8;36;45;5,6;1,2;58
12-11-19;3;3,9;7;0,3;12;23;9;41;50;6,8;1,5;57
13-11-19;5;12,1;7;0,1;27;35;10;76;25;24,9;3;59
14-11-19;2;3,9;4;0,2;8;16;8;29;47;8,2;1,3;60
15-11-19;2;3,5;6;0,3;15;25;5;47;37;5,9;1,5;59
16-11-19;3;4,2;5;0,4;14;24;7;45;34;7;2,1;58
17-11-19;4;1,5;4;0,3;5;10;11;17;46;3,3;1,1;59
18-11-19;3;6,3;6;0,3;24;35;7;72;28;9,9;2,9;58
19-11-19;5;7,9;7;0,4;29;39;11;83;23;11,6;4,1;57
20-11-19;7;9;5;0,2;24;38;15;75;26;12,5;4;58
21-11-19;7;11,1;6;0,2;38;38;12;96;25;12,9;3;60
22-11-19;7;10,2;4;0,1;40;42;10;103;19;14;3,4;62
23-11-19;1;1,3;4;0,2;5;10;3;18;60;2,4;0,7;61
24-11-19;2;1,3;4;0,3;5;11;3;18;50;3;1;58
25-11-19;3;3,4;4;0,1;10;20;9;36;37;6,3;1,3;59
26-11-19;4;6,3;5;0,1;19;24;12;52;33;12,6;2;59
27-11-19;3;3;4;0,2;10;19;15;33;44;5,1;1,1;60
28-11-19;3;2,8;4;0,2;10;15;10;29;47;5,1;1,2;60
29-11-19;4;5,4;4;0,1;15;28;11;52;32;8,4;1,7;60
30-11-19;6;6,8;4;0,1;17;29;12;55;27;9,8;2,3;61
01-12-19;5;3;4;0,2;8;18;10;30;45;6,9;1,4;59
02-12-19;4;1,7;4;0,2;5;15;7;22;50;8,2;0,9;63
03-12-19;6;3,1;5;0,3;8;22;8;35;35;6,6;1,4;63
04-12-19;2;3,7;4;0,2;12;26;3;45;37;6,4;1,6;68
05-12-19;4;5,2;4;0,2;13;27;5;47;31;6,6;1,8;65
06-12-19;11;6,9;6;0,2;30;34;15;80;20;11,5;4,1;63
07-12-19;13;7,1;5;0,3;39;35;18;95;14;12,2;3,1;62
08-12-19;9;3,7;4;0,2;15;19;11;42;20;6,8;2,3;61
09-12-19;5;6;6;0,4;22;27;9;61;23;9,9;2,1;60
10-12-19;6;8,3;6;0,4;31;36;14;83;20;13,1;3;59
11-12-19;7;5,8;5;0,4;22;33;12;66;20;12,2;2,4;59
12-12-19;4;2,1;4;0,3;9;14;8;27;41;4,9;1,1;61
13-12-19;1;1,7;4;0,1;8;13;6;25;51;4;0,8;64
14-12-19;2;2,6;4;0,1;7;15;5;25;48;4,1;1;60
15-12-19;5;6,5;7;0,3;19;29;8;58;37;10,4;2,7;59
16-12-19;13;8,5;5;0,2;33;38;19;89;18;14,9;3,3;60
17-12-19;22;14;10;0,2;54;47;36;130;18;21,9;5,6;61
18-12-19;5;5,5;4;0,3;17;31;11;56;24;10,1;2,2;59
19-12-19;15;13,5;11;0,4;59;55;27;145;15;19,4;5,2;60
20-12-19;5;5,8;4;0,1;16;22;14;47;37;9,4;1,9;63
21-12-19;3;0,9;4;0,1;5;4;21;11;52;1,7;0,5;65
22-12-19;5;0,8;4;0,3;4;5;9;11;62;1,8;0,7;64
23-12-19;4;3,9;5;0,3;13;27;8;47;40;7,1;1,5;58
24-12-19;8;6,5;6;0,3;26;33;14;72;24;10,3;2,6;58
25-12-19;9;7;5;0,3;33;34;13;85;15;12,2;3,7;60
26-12-19;12;15,6;9;0,3;78;54;25;174;10;27,3;6,8;60
27-12-19;17;10;4;0,2;45;43;25;112;12;16,4;4,7;61
28-12-19;24;7,9;4;0,2;36;41;29;96;14;13,6;3,5;62
29-12-19;25;3,8;4;0,3;13;31;29;51;25;7,4;2,2;60
30-12-19;24;7,9;6;0,3;37;43;32;100;16;12,9;3,6;61
31-12-19;25;6,2;5;0,3;33;38;29;88;13;10,9;2,9;60
01-01-20;26;4,4;4;0,3;20;31;29;61;17;8,4;2,9;60
02-01-20;27;9,9;7;0,2;42;41;33;105;14;16,1;4,4;61
03-01-20;33;10,9;6;0,3;52;43;38;123;13;17,2;4,9;62
04-01-20;20;8;5;0,3;34;41;24;93;15;12,7;4,2;62
05-01-20;12;5;4;0,3;16;33;15;58;20;8,6;2,5;61
06-01-20;15;5,5;6;0,3;28;36;19;78;21;9,2;3,5;59
07-01-20;24;15;7;0,3;66;51;33;153;13;21,3;5,8;61
08-01-20;29;20;12;0,3;110;53;39;222;13;31,6;8;62
09-01-20;23;13,3;5;0,2;50;50;30;127;14;22,9;4,9;62
10-01-20;17;10,3;4;0,2;35;42;29;95;19;15,7;4;61
11-01-20;8;6,4;5;0,3;31;43;13;90;24;10,3;3,4;60
12-01-20;14;5,5;4;0,3;26;39;19;79;21;9,9;3,1;60
13-01-20;21;17,1;10;0,4;73;56;34;167;16;21,8;6,2;60
14-01-20;21;15,8;8;0,4;72;66;34;177;12;30,1;6,3;60
15-01-20;23;15,6;10;0,4;73;61;36;173;15;23,9;6,1;60
16-01-20;23;19,7;6;0,2;89;67;32;203;13;34,5;7,4;62
17-01-20;11;7,3;4;0,3;22;40;28;74;27;11,6;2,6;60
18-01-20;9;6,4;4;0,2;20;35;18;66;25;9,8;2,8;59
19-01-20;3;1,1;4;0,1;5;10;5;17;49;2,5;0,9;67
20-01-20;1;0,8;4;0,2;4;7;1;12;53;2,6;1;75
21-01-20;25;4;6;0,2;20;33;38;63;35;7,7;2,4;62
22-01-20;18;2,9;4;0,1;7;25;28;36;40;5,7;1,4;57
23-01-20;27;8;8;0,2;34;41;53;93;19;13,4;3,7;63
24-01-20;34;9;8;0,2;46;49;60;120;21;16,6;3,7;63
25-01-20;36;12;4;0,2;18;36;56;63;24;16;2,8;63
26-01-20;16;4,8;4;0,2;18;35;24;62;19;8,9;2,6;61
27-01-20;6;4;4;0,3;11;21;11;38;36;7,1;1,5;61
28-01-20;4;3,2;5;0,2;9;17;7;31;39;5,6;1,3;60
29-01-20;3;3,9;4;0,2;10;21;6;36;32;12,4;1,3;59
30-01-20;4;3,9;4;0,2;10;20;8;36;35;15,5;1,2;59
31-01-20;4;4;4;0,2;12;22;9;40;31;7,1;1,6;59
01-02-20;2;3;4;0,1;9;18;4;33;27;13;1,3;60
02-02-20;4;3,2;5;0,2;12;18;7;37;24;10,8;1,6;60
03-02-20;12;16,5;8;0,3;57;45;26;132;11;25,8;5,3;60
04-02-20;15;12,6;5;0,3;37;41;34;98;14;22,7;3,7;58
05-02-20;7;4,9;4;0,2;12;25;13;43;46;10,1;2;59
06-02-20;13;7,2;6;0,3;26;39;20;78;28;12;3,5;61
07-02-20;17;16;8;0,3;47;54;26;126;16;21,3;5,4;61
08-02-20;23;8;4;0,2;22;36;30;70;23;13,4;3,1;62
09-02-20;27;5,4;4;0,2;14;33;32;55;25;10;2,8;61
10-02-20;5;4,5;4;0,2;17;23;11;49;30;10,9;1,9;60
11-02-20;11;7,5;6;0,2;26;37;18;77;19;19,7;2,7;59
12-02-20;17;11,3;6;0,2;28;32;24;74;29;21,4;4,3;60
13-02-20;29;13,2;9;0,2;35;48;36;102;16;24,2;5,3;61
14-02-20;13;11,7;5;0,2;38;45;21;104;11;17,8;4,1;61
15-02-20;21;4,2;4;0,3;14;29;24;50;27;7,3;4,2;64
16-02-20;31;1,2;4;0,2;9;25;33;38;33;4,7;3,3;61
17-02-20;33;4,6;6;0,2;23;32;41;67;30;9,3;4,7;62
18-02-20;12;1,6;4;0,2;12;30;16;48;34;6,5;4,7;
19-02-20;9;1,9;4;0,2;19;35;12;64;29;6,6;4,1;
20-02-20;14;8,6;7;0,4;30;40;18;86;18;12,2;5,7;
21-02-20;22;;6;0,3;41;50;29;113;14;;;64
22-02-20;21;;4;0,3;22;40;25;73;25;;;62
23-02-20;17;;4;0,3;12;34;21;52;28;;;61
24-02-20;16;;8;0,3;37;55;25;112;18;;;59
25-02-20;16;;5;0,3;22;46;34;80;22;;;59
26-02-20;8;;4;0,3;28;46;18;88;21;;;58
27-02-20;12;;4;0,3;14;30;40;50;29;;;59
28-02-20;34;;7;0,2;19;33;96;62;27;;;58
29-02-20;20;;4;0,2;5;14;67;22;39;;;60
